{"cameraMode":{"drawMode":0,"name":"Shaded","section":"Shading Mode"},"sceneLighting":true,"audioPlay":false,"sceneViewState":{"m_AlwaysRefresh":false,"showFog":true,"showSkybox":true,"showFlares":true,"showImageEffects":true,"showParticleSystems":true,"showVisualEffectGraphs":true,"m_FxEnabled":true},"in2DMode":false,"pivot":{"x":9.751240730285645,"y":1.2598305940628052,"z":6.873551845550537},"rotation":{"x":-0.06624966859817505,"y":0.9228132367134094,"z":-0.17727279663085938,"w":-0.33672887086868288},"size":0.8660253882408142,"orthographic":false}