{"cameraMode":{"drawMode":0,"name":"Shaded","section":"Shading Mode"},"sceneLighting":true,"audioPlay":false,"sceneViewState":{"m_AlwaysRefresh":false,"showFog":true,"showSkybox":true,"showFlares":true,"showImageEffects":true,"showParticleSystems":true,"showVisualEffectGraphs":true,"m_FxEnabled":true},"in2DMode":false,"pivot":{"x":0.2201785147190094,"y":2.46645188331604,"z":-9.952542304992676},"rotation":{"x":0.288705050945282,"y":0.013554178178310395,"z":-0.004597884137183428,"w":0.9576499462127686},"size":0.8660253882408142,"orthographic":false}